datetime,epoch,open,high,low,close
2026-04-23 21:00:00.000,1776978000,3140.618,3146.86,3138.985,3143.62
2026-04-23 21:30:00.000,1776979800,3143.85,3153.189,3142.831,3144.086
2026-04-23 22:00:00.000,1776981600,3144.099,3145.925,3138.007,3140.417
2026-04-23 22:30:00.000,1776983400,3140.072,3145.262,3139.013,3144.726
2026-04-23 23:00:00.000,1776985200,3144.553,3151.907,3143.098,3149.804
2026-04-23 23:30:00.000,1776987000,3149.572,3160.688,3147.852,3159.715
2026-04-24 00:00:00.000,1776988800,3159.585,3163.78,3154.669,3154.992
2026-04-24 00:30:00.000,1776990600,3155.261,3161.334,3151.202,3151.202
2026-04-24 01:00:00.000,1776992400,3151.218,3151.528,3145.624,3150.117
2026-04-24 01:30:00.000,1776994200,3149.828,3150.75,3138.624,3139.239
2026-04-24 02:00:00.000,1776996000,3139.162,3142.505,3133.89,3139.348
2026-04-24 02:30:00.000,1776997800,3139.212,3141.165,3133.371,3138.379
2026-04-24 03:00:00.000,1776999600,3138.161,3147.97,3136.666,3145.311
2026-04-24 03:30:00.000,1777001400,3145.057,3152.089,3142.769,3146.378
2026-04-24 04:00:00.000,1777003200,3146.402,3151.208,3144.729,3144.779
2026-04-24 04:30:00.000,1777005000,3144.721,3147.031,3141.053,3144.43
2026-04-24 05:00:00.000,1777006800,3144.913,3153.63,3144.453,3152.109
2026-04-24 05:30:00.000,1777008600,3152.225,3154.631,3142.088,3144.92
2026-04-24 06:00:00.000,1777010400,3144.922,3148.736,3142.542,3145.518
2026-04-24 06:30:00.000,1777012200,3145.424,3147.763,3141.906,3144.365
2026-04-24 07:00:00.000,1777014000,3144.419,3146.741,3138.509,3141.425
2026-04-24 07:30:00.000,1777015800,3141.185,3147.107,3140.851,3143.978
2026-04-24 08:00:00.000,1777017600,3144.035,3149.097,3143.049,3144.576
2026-04-24 08:30:00.000,1777019400,3144.539,3144.579,3132.894,3132.904
2026-04-24 09:00:00.000,1777021200,3133.022,3133.557,3126.253,3126.646
2026-04-24 09:30:00.000,1777023000,3126.676,3135.269,3125.193,3127.801
2026-04-24 10:00:00.000,1777024800,3127.724,3130.91,3124.093,3128.559
2026-04-24 10:30:00.000,1777026600,3128.753,3135.321,3128.496,3131.442
2026-04-24 11:00:00.000,1777028400,3131.163,3132.522,3124.008,3125.874
2026-04-24 11:30:00.000,1777030200,3125.778,3133.308,3121.882,3132.189
2026-04-24 12:00:00.000,1777032000,3131.731,3133.573,3126.411,3126.712
2026-04-24 12:30:00.000,1777033800,3126.429,3129.861,3123.344,3125.075
2026-04-24 13:00:00.000,1777035600,3125.071,3136.593,3121.972,3136.007
2026-04-24 13:30:00.000,1777037400,3136.028,3139.436,3126.436,3133.429
2026-04-24 14:00:00.000,1777039200,3133.557,3136.219,3127.105,3136.215
2026-04-24 14:30:00.000,1777041000,3136.047,3139.452,3132.759,3133.3
2026-04-24 15:00:00.000,1777042800,3133.303,3135.677,3125.335,3126.685
2026-04-24 15:30:00.000,1777044600,3126.623,3137.651,3125.499,3136.105
2026-04-24 16:00:00.000,1777046400,3136.067,3138.009,3131.144,3137.464
2026-04-24 16:30:00.000,1777048200,3137.321,3143.869,3135.019,3138.535
2026-04-24 17:00:00.000,1777050000,3138.521,3141.296,3134.025,3138.059
2026-04-24 17:30:00.000,1777051800,3137.893,3139.034,3126.462,3126.668
2026-04-24 18:00:00.000,1777053600,3126.816,3130.075,3123.396,3124.253
2026-04-24 18:30:00.000,1777055400,3124.371,3128.472,3121.085,3125.494
2026-04-24 19:00:00.000,1777057200,3125.304,3127.814,3114.123,3114.586
2026-04-24 19:30:00.000,1777059000,3114.428,3114.997,3108.589,3112.428
2026-04-24 20:00:00.000,1777060800,3112.424,3116.684,3109.406,3116.462
2026-04-24 20:30:00.000,1777062600,3116.645,3120.383,3115.287,3116.712
2026-04-24 21:00:00.000,1777064400,3116.539,3120.423,3113.015,3118.855
2026-04-24 21:30:00.000,1777066200,3118.414,3118.701,3106.375,3109.274
2026-04-24 22:00:00.000,1777068000,3109.42,3120.829,3109.085,3118.254
2026-04-24 22:30:00.000,1777069800,3118.394,3124.748,3117.888,3121.275
2026-04-24 23:00:00.000,1777071600,3121.196,3122.87,3117.143,3120.073
2026-04-24 23:30:00.000,1777073400,3120.286,3127.18,3120.135,3127.097
2026-04-25 00:00:00.000,1777075200,3127.426,3131.864,3124.706,3126.118
2026-04-25 00:30:00.000,1777077000,3125.999,3126.727,3119.871,3124.595
2026-04-25 01:00:00.000,1777078800,3124.574,3136.912,3122.12,3136.722
2026-04-25 01:30:00.000,1777080600,3136.716,3138.766,3130.164,3135.372
2026-04-25 02:00:00.000,1777082400,3135.255,3141.265,3132.666,3137.716
2026-04-25 02:30:00.000,1777084200,3137.815,3139.652,3126.786,3127.634
2026-04-25 03:00:00.000,1777086000,3127.438,3134.248,3126.376,3132.664
2026-04-25 03:30:00.000,1777087800,3132.735,3136.238,3129.346,3132.571
2026-04-25 04:00:00.000,1777089600,3132.355,3137.325,3131.28,3133.838
2026-04-25 04:30:00.000,1777091400,3133.843,3140.367,3131.992,3133.999
2026-04-25 05:00:00.000,1777093200,3134.071,3144.637,3134.034,3142.46
2026-04-25 05:30:00.000,1777095000,3142.367,3156.477,3141.567,3152.097
2026-04-25 06:00:00.000,1777096800,3151.965,3158.877,3148.695,3149.646
2026-04-25 06:30:00.000,1777098600,3149.936,3155.016,3148.804,3152.867
2026-04-25 07:00:00.000,1777100400,3152.933,3153.017,3147.148,3149.496
2026-04-25 07:30:00.000,1777102200,3149.357,3161.87,3149.274,3157.027
2026-04-25 08:00:00.000,1777104000,3157.14,3158.426,3150.331,3155.645
2026-04-25 08:30:00.000,1777105800,3155.757,3156.543,3147.686,3151.492
2026-04-25 09:00:00.000,1777107600,3151.624,3156.582,3146.491,3154.205
2026-04-25 09:30:00.000,1777109400,3154.322,3158.822,3151.33,3151.679
2026-04-25 10:00:00.000,1777111200,3151.648,3153.546,3146.552,3151.43
2026-04-25 10:30:00.000,1777113000,3151.442,3151.602,3142.657,3146.873
2026-04-25 11:00:00.000,1777114800,3146.719,3148.64,3133.322,3136.356
2026-04-25 11:30:00.000,1777116600,3136.605,3141.344,3134.785,3140.506
2026-04-25 12:00:00.000,1777118400,3140.813,3147.002,3140.774,3145.934
2026-04-25 12:30:00.000,1777120200,3145.957,3148.691,3143.16,3145.058
2026-04-25 13:00:00.000,1777122000,3145.035,3150.089,3138.031,3141.173
2026-04-25 13:30:00.000,1777123800,3141.839,3147.267,3138.481,3138.594
2026-04-25 14:00:00.000,1777125600,3138.102,3145.742,3137.414,3143.356
2026-04-25 14:30:00.000,1777127400,3143.24,3143.339,3136.097,3141.966
2026-04-25 15:00:00.000,1777129200,3141.999,3146.358,3141.027,3143.389
2026-04-25 15:30:00.000,1777131000,3143.604,3143.646,3137.578,3142.903
2026-04-25 16:00:00.000,1777132800,3142.748,3144.891,3136.704,3137.52
2026-04-25 16:30:00.000,1777134600,3137.638,3141.271,3133.639,3134.046
2026-04-25 17:00:00.000,1777136400,3134.197,3138.371,3130.507,3130.802
2026-04-25 17:30:00.000,1777138200,3130.715,3133.027,3122.833,3131.975
2026-04-25 18:00:00.000,1777140000,3131.626,3138.672,3127.623,3138.064
2026-04-25 18:30:00.000,1777141800,3137.926,3141.022,3135.193,3135.568
2026-04-25 19:00:00.000,1777143600,3135.078,3142.013,3134.742,3140.67
2026-04-25 19:30:00.000,1777145400,3140.831,3142.46,3132.945,3133.78
2026-04-25 20:00:00.000,1777147200,3133.276,3144.381,3131.123,3144.305
2026-04-25 20:30:00.000,1777149000,3144.106,3147.406,3140.926,3145.066
2026-04-25 21:00:00.000,1777150800,3145.027,3156.149,3144.516,3154.06
2026-04-25 21:30:00.000,1777152600,3153.87,3162.414,3153.477,3159.625
2026-04-25 22:00:00.000,1777154400,3159.424,3160.965,3147.532,3147.938
2026-04-25 22:30:00.000,1777156200,3147.934,3155.961,3146.775,3152.935
2026-04-25 23:00:00.000,1777158000,3153.076,3154.687,3148.164,3148.962
2026-04-25 23:30:00.000,1777159800,3148.877,3149.797,3143.111,3144.753
2026-04-26 00:00:00.000,1777161600,3144.932,3151.085,3141.751,3149.679
2026-04-26 00:30:00.000,1777163400,3149.681,3151.923,3144.697,3149.725
2026-04-26 01:00:00.000,1777165200,3149.769,3154.561,3148.212,3152.942
2026-04-26 01:30:00.000,1777167000,3152.966,3160.05,3151.899,3154.072
2026-04-26 02:00:00.000,1777168800,3154.045,3154.506,3146.311,3147.966
2026-04-26 02:30:00.000,1777170600,3147.878,3153.993,3145.575,3147.114
2026-04-26 03:00:00.000,1777172400,3147.083,3154.789,3142.732,3152.98
2026-04-26 03:30:00.000,1777174200,3152.795,3153.766,3148.234,3149.321
2026-04-26 04:00:00.000,1777176000,3149.255,3153.677,3146.841,3150.217
2026-04-26 04:30:00.000,1777177800,3150.436,3152.002,3145.666,3145.925
2026-04-26 05:00:00.000,1777179600,3145.785,3149.877,3141.076,3148.837
2026-04-26 05:30:00.000,1777181400,3148.816,3149.889,3138.212,3138.573
2026-04-26 06:00:00.000,1777183200,3138.572,3143.762,3136.105,3139.378
2026-04-26 06:30:00.000,1777185000,3139.751,3143.878,3135.586,3136.456
2026-04-26 07:00:00.000,1777186800,3136.347,3150.457,3136.308,3150.301
2026-04-26 07:30:00.000,1777188600,3149.994,3152.493,3148.244,3150.021
2026-04-26 08:00:00.000,1777190400,3150.09,3154.881,3148.738,3153.384
2026-04-26 08:30:00.000,1777192200,3153.324,3159.068,3148.927,3152.051
2026-04-26 09:00:00.000,1777194000,3151.898,3157.698,3142.368,3143.724
2026-04-26 09:30:00.000,1777195800,3143.817,3149.106,3142.751,3146.686
2026-04-26 10:00:00.000,1777197600,3146.857,3152.135,3142.969,3147.195
2026-04-26 10:30:00.000,1777199400,3147.332,3154.626,3145.744,3151.063
2026-04-26 11:00:00.000,1777201200,3151.208,3154.882,3149.952,3153.774
2026-04-26 11:30:00.000,1777203000,3153.956,3173.867,3149.106,3173.653
2026-04-26 12:00:00.000,1777204800,3173.637,3174.04,3166.651,3169.508
2026-04-26 12:30:00.000,1777206600,3169.811,3181.053,3168.278,3173.769
2026-04-26 13:00:00.000,1777208400,3173.642,3176.155,3168.384,3174.949
2026-04-26 13:30:00.000,1777210200,3174.901,3186.154,3173.902,3184.913
2026-04-26 14:00:00.000,1777212000,3184.818,3186.434,3173.114,3176.476
2026-04-26 14:30:00.000,1777213800,3176.519,3177.195,3168.383,3175.277
2026-04-26 15:00:00.000,1777215600,3175.508,3176.936,3170.382,3175.231
2026-04-26 15:30:00.000,1777217400,3175.622,3182.904,3174.519,3178.087
2026-04-26 16:00:00.000,1777219200,3177.499,3189.97,3175.955,3189.056
2026-04-26 16:30:00.000,1777221000,3189.204,3193.418,3180.025,3181.8
2026-04-26 17:00:00.000,1777222800,3182.034,3183.767,3176.785,3182.314
2026-04-26 17:30:00.000,1777224600,3182.259,3182.657,3174.779,3176.406
2026-04-26 18:00:00.000,1777226400,3176.751,3178.492,3165.432,3168.861
2026-04-26 18:30:00.000,1777228200,3168.654,3173.881,3166.997,3173.111
2026-04-26 19:00:00.000,1777230000,3173.181,3174.31,3168.404,3170.162
2026-04-26 19:30:00.000,1777231800,3170.327,3173.776,3165.945,3172.809
2026-04-26 20:00:00.000,1777233600,3172.648,3175.123,3166.686,3174.591
2026-04-26 20:30:00.000,1777235400,3174.532,3174.653,3164.505,3167.735
2026-04-26 21:00:00.000,1777237200,3168.085,3173.183,3166.358,3172.317
2026-04-26 21:30:00.000,1777239000,3172.148,3172.565,3161.004,3161.943
2026-04-26 22:00:00.000,1777240800,3161.64,3170.237,3159.876,3167.65
2026-04-26 22:30:00.000,1777242600,3167.759,3170.716,3162.811,3163.49
2026-04-26 23:00:00.000,1777244400,3163.524,3167.374,3161.752,3162.744
2026-04-26 23:30:00.000,1777246200,3162.572,3164.573,3155.652,3157.887
2026-04-27 00:00:00.000,1777248000,3157.462,3163.031,3154.585,3160.08
2026-04-27 00:30:00.000,1777249800,3160.334,3161.679,3154.967,3155.716
2026-04-27 01:00:00.000,1777251600,3155.68,3159.952,3153.601,3154.087
2026-04-27 01:30:00.000,1777253400,3153.968,3154.761,3149.271,3150.285
2026-04-27 02:00:00.000,1777255200,3150.189,3156.851,3149.437,3155.391
2026-04-27 02:30:00.000,1777257000,3155.625,3155.625,3148.462,3152.34
2026-04-27 03:00:00.000,1777258800,3152.138,3156.217,3148.917,3149.712
2026-04-27 03:30:00.000,1777260600,3149.597,3151.573,3146.818,3150.379
2026-04-27 04:00:00.000,1777262400,3150.324,3153.421,3146.225,3148.68
2026-04-27 04:30:00.000,1777264200,3148.483,3152.423,3146.751,3147.056
2026-04-27 05:00:00.000,1777266000,3147.003,3150.244,3145.175,3147.343
2026-04-27 05:30:00.000,1777267800,3147.583,3150.935,3144.692,3150.3
2026-04-27 06:00:00.000,1777269600,3150.279,3150.592,3135.298,3137.306
2026-04-27 06:30:00.000,1777271400,3137.334,3140.186,3130.1,3132.549
2026-04-27 07:00:00.000,1777273200,3132.468,3137.497,3130.332,3130.375
2026-04-27 07:30:00.000,1777275000,3130.651,3140.2,3129.295,3139.871
2026-04-27 08:00:00.000,1777276800,3139.876,3145.847,3139.109,3140.174
2026-04-27 08:30:00.000,1777278600,3140.08,3140.178,3123.14,3128
2026-04-27 09:00:00.000,1777280400,3127.569,3128.768,3122.289,3125.532
2026-04-27 09:30:00.000,1777282200,3125.435,3127.842,3123.027,3126.545
2026-04-27 10:00:00.000,1777284000,3126.655,3136.077,3125.07,3135.765
2026-04-27 10:30:00.000,1777285800,3135.967,3139.114,3133.565,3138.129
2026-04-27 11:00:00.000,1777287600,3138.162,3143.198,3133.923,3141.586
2026-04-27 11:30:00.000,1777289400,3141.483,3145.462,3137.374,3141.752
2026-04-27 12:00:00.000,1777291200,3141.724,3142.248,3134.019,3136.081
2026-04-27 12:30:00.000,1777293000,3136.093,3136.105,3129.079,3131.391
2026-04-27 13:00:00.000,1777294800,3131.461,3132.489,3122.494,3128.394
2026-04-27 13:30:00.000,1777296600,3128.26,3132.894,3127.181,3130.864
2026-04-27 14:00:00.000,1777298400,3130.564,3136.497,3127.799,3134.879
2026-04-27 14:30:00.000,1777300200,3135.148,3143.657,3133.591,3142.726
2026-04-27 15:00:00.000,1777302000,3142.685,3149.738,3139.795,3147.469
2026-04-27 15:30:00.000,1777303800,3147.635,3148.24,3139.745,3144.678
2026-04-27 16:00:00.000,1777305600,3144.337,3153.913,3140.966,3153.272
2026-04-27 16:30:00.000,1777307400,3152.933,3153.933,3136.106,3136.106
2026-04-27 17:00:00.000,1777309200,3136.509,3137.945,3132.828,3134.193
2026-04-27 17:30:00.000,1777311000,3133.724,3140.619,3132.921,3139.48
2026-04-27 18:00:00.000,1777312800,3139.591,3144.761,3135.12,3143.605
2026-04-27 18:30:00.000,1777314600,3143.571,3150.709,3142.854,3149.829
2026-04-27 19:00:00.000,1777316400,3149.875,3156.953,3147.903,3154.444
2026-04-27 19:30:00.000,1777318200,3154.326,3154.926,3150.172,3153.722
2026-04-27 20:00:00.000,1777320000,3153.68,3156.214,3144.514,3148.008
2026-04-27 20:30:00.000,1777321800,3148.15,3150.18,3145.145,3148.241
2026-04-27 21:00:00.000,1777323600,3148.404,3148.649,3132.797,3134.542
2026-04-27 21:30:00.000,1777325400,3134.634,3140.418,3131.798,3139.409
2026-04-27 22:00:00.000,1777327200,3139.359,3150.529,3138.827,3145.787
2026-04-27 22:30:00.000,1777329000,3146.058,3150.192,3139.096,3140.924
2026-04-27 23:00:00.000,1777330800,3140.977,3141.548,3134.702,3137.494
2026-04-27 23:30:00.000,1777332600,3137.608,3140.756,3127.111,3127.606
2026-04-28 00:00:00.000,1777334400,3127.372,3137.864,3127.372,3136.119
2026-04-28 00:30:00.000,1777336200,3135.915,3146.373,3135.184,3144.202
2026-04-28 01:00:00.000,1777338000,3144.286,3147.191,3135.884,3136.137
2026-04-28 01:30:00.000,1777339800,3136.52,3138.239,3132.637,3137.267
2026-04-28 02:00:00.000,1777341600,3137.03,3143.053,3136.423,3138.837
2026-04-28 02:30:00.000,1777343400,3138.979,3142.18,3134.633,3135.006
2026-04-28 03:00:00.000,1777345200,3135.06,3143.589,3134.125,3142.351
2026-04-28 03:30:00.000,1777347000,3142.406,3145.832,3136.245,3137.027
2026-04-28 04:00:00.000,1777348800,3137.007,3137.426,3130.432,3132.307
2026-04-28 04:30:00.000,1777350600,3132.329,3136.307,3132.125,3133.176
2026-04-28 05:00:00.000,1777352400,3132.972,3134.51,3122.809,3128.274
2026-04-28 05:30:00.000,1777354200,3128.246,3130.534,3125.139,3128.478
2026-04-28 06:00:00.000,1777356000,3128.71,3129.311,3117.517,3122.576
2026-04-28 06:30:00.000,1777357800,3122.584,3125.978,3117.457,3120.423
2026-04-28 07:00:00.000,1777359600,3120.484,3129.084,3120.278,3125.517
2026-04-28 07:30:00.000,1777361400,3125.756,3127.746,3119.526,3126.697
2026-04-28 08:00:00.000,1777363200,3126.904,3127.045,3118.482,3122.837
2026-04-28 08:30:00.000,1777365000,3122.664,3125.643,3119.531,3124.11
2026-04-28 09:00:00.000,1777366800,3123.906,3142.073,3123.737,3141.506
2026-04-28 09:30:00.000,1777368600,3141.583,3145.623,3137.758,3139.016
2026-04-28 10:00:00.000,1777370400,3138.908,3143.88,3137.268,3143.573
2026-04-28 10:30:00.000,1777372200,3143.326,3144.503,3136.637,3139.331
2026-04-28 11:00:00.000,1777374000,3139.182,3140.412,3134.536,3138.191
2026-04-28 11:30:00.000,1777375800,3138.175,3148.371,3136.094,3148.275
2026-04-28 12:00:00.000,1777377600,3148.477,3152.069,3144.184,3145.423
2026-04-28 12:30:00.000,1777379400,3145.354,3151.4,3143.883,3146.802
2026-04-28 13:00:00.000,1777381200,3146.73,3156.122,3141.281,3154.894
2026-04-28 13:30:00.000,1777383000,3154.795,3159.468,3153.803,3154.28
2026-04-28 14:00:00.000,1777384800,3154.269,3154.518,3138.225,3141.641
2026-04-28 14:30:00.000,1777386600,3141.483,3149.499,3141.196,3141.831
2026-04-28 15:00:00.000,1777388400,3141.777,3141.954,3132.068,3136.745
2026-04-28 15:30:00.000,1777390200,3136.969,3147.467,3136.17,3146.622
2026-04-28 16:00:00.000,1777392000,3146.944,3152.944,3146.387,3148.933
2026-04-28 16:30:00.000,1777393800,3148.932,3158.836,3148.511,3155.703
2026-04-28 17:00:00.000,1777395600,3155.707,3156.345,3141.194,3145.302
2026-04-28 17:30:00.000,1777397400,3144.701,3148.811,3141.066,3142.985
2026-04-28 18:00:00.000,1777399200,3143.049,3149.346,3140.643,3149.346
2026-04-28 18:30:00.000,1777401000,3149.323,3150.464,3143.304,3144.415
2026-04-28 19:00:00.000,1777402800,3144.238,3145.343,3137.171,3139.397
2026-04-28 19:30:00.000,1777404600,3139.659,3148.068,3137.87,3146.595
2026-04-28 20:00:00.000,1777406400,3146.832,3149.304,3142.916,3146.153
2026-04-28 20:30:00.000,1777408200,3146.032,3153.567,3143.215,3150.804
2026-04-28 21:00:00.000,1777410000,3150.512,3154.879,3146.432,3146.432
2026-04-28 21:30:00.000,1777411800,3146.092,3149.988,3145.396,3147.743
2026-04-28 22:00:00.000,1777413600,3147.431,3157.506,3145.114,3157.128
2026-04-28 22:30:00.000,1777415400,3157.11,3157.336,3145.716,3148.252
2026-04-28 23:00:00.000,1777417200,3148.382,3149.466,3140.522,3142.283
2026-04-28 23:30:00.000,1777419000,3141.79,3146.171,3140.558,3143.693
2026-04-29 00:00:00.000,1777420800,3143.597,3151.291,3142.624,3145.904
2026-04-29 00:30:00.000,1777422600,3145.769,3154.948,3143.536,3153.46
2026-04-29 01:00:00.000,1777424400,3153.539,3153.734,3142.85,3150.685
2026-04-29 01:30:00.000,1777426200,3150.686,3156.18,3143.081,3156.18
2026-04-29 02:00:00.000,1777428000,3156.087,3156.84,3149.566,3151.035
2026-04-29 02:30:00.000,1777429800,3151.007,3155.487,3149.002,3155.382
2026-04-29 03:00:00.000,1777431600,3155.071,3157.045,3151.782,3156.309
2026-04-29 03:30:00.000,1777433400,3156.687,3159.156,3152.238,3157.564
2026-04-29 04:00:00.000,1777435200,3157.757,3164.167,3157.652,3163.745
2026-04-29 04:30:00.000,1777437000,3163.718,3163.994,3149.074,3149.627
2026-04-29 05:00:00.000,1777438800,3149.411,3149.814,3145.072,3146.081
2026-04-29 05:30:00.000,1777440600,3146.09,3151.159,3142.429,3147.958
2026-04-29 06:00:00.000,1777442400,3148.237,3148.732,3139.639,3140.474
2026-04-29 06:30:00.000,1777444200,3140.418,3142.323,3130.044,3136.416
2026-04-29 07:00:00.000,1777446000,3136.448,3140.537,3127.645,3128.792
2026-04-29 07:30:00.000,1777447800,3128.893,3134.405,3127.32,3133.209
2026-04-29 08:00:00.000,1777449600,3133.343,3140.478,3129.76,3138.622
2026-04-29 08:30:00.000,1777451400,3138.591,3139.954,3129.42,3129.989
2026-04-29 09:00:00.000,1777453200,3130.091,3137.96,3129.354,3136.496
2026-04-29 09:30:00.000,1777455000,3136.292,3143.705,3136.036,3143.055
2026-04-29 10:00:00.000,1777456800,3143.275,3145.075,3131.827,3132.24
2026-04-29 10:30:00.000,1777458600,3131.981,3138.419,3131.133,3135.568
2026-04-29 11:00:00.000,1777460400,3135.352,3135.75,3124.743,3124.778
2026-04-29 11:30:00.000,1777462200,3124.626,3125.041,3118.292,3119.481
2026-04-29 12:00:00.000,1777464000,3119.301,3120.231,3115.327,3119.42
2026-04-29 12:30:00.000,1777465800,3119.658,3132.644,3118.95,3132.513
2026-04-29 13:00:00.000,1777467600,3132.737,3136.589,3130.716,3136.004
2026-04-29 13:30:00.000,1777469400,3135.869,3137.73,3128.152,3133.732
2026-04-29 14:00:00.000,1777471200,3133.685,3136.312,3125.587,3126.644
2026-04-29 14:30:00.000,1777473000,3126.504,3127.855,3120.478,3126.151
2026-04-29 15:00:00.000,1777474800,3126.12,3129.865,3121.45,3124.402
2026-04-29 15:30:00.000,1777476600,3124.419,3129.832,3122.352,3128.888
2026-04-29 16:00:00.000,1777478400,3128.719,3139.59,3127.292,3139.59
2026-04-29 16:30:00.000,1777480200,3139.349,3145.606,3137.85,3141.537
2026-04-29 17:00:00.000,1777482000,3141.347,3148.319,3140.421,3144.104
2026-04-29 17:30:00.000,1777483800,3144.429,3149.836,3142.681,3145.63
2026-04-29 18:00:00.000,1777485600,3145.292,3150.944,3141.174,3141.997
2026-04-29 18:30:00.000,1777487400,3142.02,3153.054,3141.212,3145.108
2026-04-29 19:00:00.000,1777489200,3144.726,3146.371,3138.717,3143.341
2026-04-29 19:30:00.000,1777491000,3143.541,3157.224,3139.753,3157.184
2026-04-29 20:00:00.000,1777492800,3157.45,3166.462,3157.34,3162.788
2026-04-29 20:30:00.000,1777494600,3162.837,3173.356,3161.187,3169.848
2026-04-29 21:00:00.000,1777496400,3169.746,3172.869,3166.591,3171.426
2026-04-29 21:30:00.000,1777498200,3171.324,3171.751,3156.589,3156.906
2026-04-29 22:00:00.000,1777500000,3157.043,3167.154,3155.318,3165.621
2026-04-29 22:30:00.000,1777501800,3165.262,3170.395,3159.857,3162.182
2026-04-29 23:00:00.000,1777503600,3161.717,3166.078,3157.062,3165.521
2026-04-29 23:30:00.000,1777505400,3165.312,3169.072,3160.863,3164.41
2026-04-30 00:00:00.000,1777507200,3164.825,3172.945,3162.81,3172.767
2026-04-30 00:30:00.000,1777509000,3172.846,3180.128,3172.485,3178.355
2026-04-30 01:00:00.000,1777510800,3178.373,3180.676,3170.568,3171.134
2026-04-30 01:30:00.000,1777512600,3171.186,3183.201,3168.803,3179.634
2026-04-30 02:00:00.000,1777514400,3179.536,3183.268,3169.64,3171.66
2026-04-30 02:30:00.000,1777516200,3171.795,3178.733,3170.005,3172.83
2026-04-30 03:00:00.000,1777518000,3173.139,3177.726,3169.321,3169.729
2026-04-30 03:30:00.000,1777519800,3169.877,3175.094,3166.718,3167.436
2026-04-30 04:00:00.000,1777521600,3167.219,3169.85,3160.324,3162.61
2026-04-30 04:30:00.000,1777523400,3162.477,3170.585,3161.866,3169.745
2026-04-30 05:00:00.000,1777525200,3169.445,3179.015,3165.964,3176.803
2026-04-30 05:30:00.000,1777527000,3177.081,3177.541,3169.402,3170.193
2026-04-30 06:00:00.000,1777528800,3170.532,3175.068,3165.428,3168.543
2026-04-30 06:30:00.000,1777530600,3168.455,3173.302,3162.828,3164.127
2026-04-30 07:00:00.000,1777532400,3163.843,3167.903,3160.547,3160.772
2026-04-30 07:30:00.000,1777534200,3161.019,3162.451,3153.521,3154.116
2026-04-30 08:00:00.000,1777536000,3154.21,3155.306,3140.788,3145.119
2026-04-30 08:30:00.000,1777537800,3145.18,3147.103,3139.653,3144.222
2026-04-30 09:00:00.000,1777539600,3144.319,3148.717,3142.955,3144.189
2026-04-30 09:30:00.000,1777541400,3144.309,3149.678,3140.18,3149.448
2026-04-30 10:00:00.000,1777543200,3149.675,3158.421,3148.593,3153.68
2026-04-30 10:30:00.000,1777545000,3153.629,3162.165,3151.428,3160.188
2026-04-30 11:00:00.000,1777546800,3160.162,3160.967,3154.752,3159.978
2026-04-30 11:30:00.000,1777548600,3159.473,3169.016,3159.033,3168.233
2026-04-30 12:00:00.000,1777550400,3168.144,3171.848,3161.826,3171.612
2026-04-30 12:30:00.000,1777552200,3171.381,3172.676,3163.003,3164.886
2026-04-30 13:00:00.000,1777554000,3164.551,3171.438,3163.702,3166.697
2026-04-30 13:30:00.000,1777555800,3166.369,3169.606,3162.689,3167.823
2026-04-30 14:00:00.000,1777557600,3167.676,3174.328,3166.156,3169.163
2026-04-30 14:30:00.000,1777559400,3169.075,3169.607,3162.508,3165.309
2026-04-30 15:00:00.000,1777561200,3165.306,3166.946,3156.707,3158.74
2026-04-30 15:30:00.000,1777563000,3158.921,3158.956,3148.568,3148.86
2026-04-30 16:00:00.000,1777564800,3149.036,3152.527,3144.598,3149.165
2026-04-30 16:30:00.000,1777566600,3149.208,3152.293,3134.812,3136.031
2026-04-30 17:00:00.000,1777568400,3135.95,3148.322,3134.893,3146.523
2026-04-30 17:30:00.000,1777570200,3146.432,3148.559,3139.613,3141.295
2026-04-30 18:00:00.000,1777572000,3141.21,3143.523,3131.175,3133.189
2026-04-30 18:30:00.000,1777573800,3133.027,3140.676,3128.689,3138.6
2026-04-30 19:00:00.000,1777575600,3138.631,3149.907,3138.548,3149.284
2026-04-30 19:30:00.000,1777577400,3148.983,3149.564,3137.651,3140.535
2026-04-30 20:00:00.000,1777579200,3140.107,3144.095,3137.067,3142.515
2026-04-30 20:30:00.000,1777581000,3142.185,3150.114,3142.185,3148.681
2026-04-30 21:00:00.000,1777582800,3148.568,3148.568,3142.013,3143.746
2026-04-30 21:30:00.000,1777584600,3143.972,3148.122,3143.116,3145.8
2026-04-30 22:00:00.000,1777586400,3146.125,3152.184,3144.148,3151.031
2026-04-30 22:30:00.000,1777588200,3151.1,3154.546,3149.206,3151.479
2026-04-30 23:00:00.000,1777590000,3151.396,3152.046,3134.059,3134.649
2026-04-30 23:30:00.000,1777591800,3134.599,3136.802,3129.052,3135.775
2026-05-01 00:00:00.000,1777593600,3135.8,3141.883,3131.059,3141.043
2026-05-01 00:30:00.000,1777595400,3141.322,3141.74,3130.371,3141.554
2026-05-01 01:00:00.000,1777597200,3141.467,3147.065,3136.697,3146.74
2026-05-01 01:30:00.000,1777599000,3146.832,3156.592,3145.749,3152.3
2026-05-01 02:00:00.000,1777600800,3152.342,3158.189,3151.548,3151.749
2026-05-01 02:30:00.000,1777602600,3151.823,3152.651,3134.613,3134.613
2026-05-01 03:00:00.000,1777604400,3134.712,3136.429,3129.959,3133.226
2026-05-01 03:30:00.000,1777606200,3133.369,3133.774,3119.649,3120.922
2026-05-01 04:00:00.000,1777608000,3121.134,3124.361,3118.286,3124.169
2026-05-01 04:30:00.000,1777609800,3124.048,3128.799,3120.764,3121.943
2026-05-01 05:00:00.000,1777611600,3121.582,3130.667,3120.454,3128.498
2026-05-01 05:30:00.000,1777613400,3128.838,3136.677,3127.927,3135.458
2026-05-01 06:00:00.000,1777615200,3135.605,3136.078,3124.601,3125.844
2026-05-01 06:30:00.000,1777617000,3125.569,3132.816,3122.319,3132.816
2026-05-01 07:00:00.000,1777618800,3132.68,3137.397,3124.749,3124.749
2026-05-01 07:30:00.000,1777620600,3124.744,3126.524,3119.663,3122.038
2026-05-01 08:00:00.000,1777622400,3121.84,3122.17,3116.492,3117.994
2026-05-01 08:30:00.000,1777624200,3117.755,3119.705,3112.302,3116.617
2026-05-01 09:00:00.000,1777626000,3116.668,3117.967,3108.404,3109.153
2026-05-01 09:30:00.000,1777627800,3109.229,3109.923,3102.174,3107.001
2026-05-01 10:00:00.000,1777629600,3106.952,3112.829,3101.27,3102.987
2026-05-01 10:30:00.000,1777631400,3102.655,3105.248,3094.563,3095.377
2026-05-01 11:00:00.000,1777633200,3095.155,3095.691,3086.363,3086.445
2026-05-01 11:30:00.000,1777635000,3086.257,3089.942,3085.267,3087.571
2026-05-01 12:00:00.000,1777636800,3087.635,3089.202,3080.377,3088.186
2026-05-01 12:30:00.000,1777638600,3088.105,3089.111,3078.775,3082.888
2026-05-01 13:00:00.000,1777640400,3082.794,3086.545,3080.669,3081.618
2026-05-01 13:30:00.000,1777642200,3081.454,3088.665,3081.153,3088.107
2026-05-01 14:00:00.000,1777644000,3088.415,3091.574,3085.759,3088.499
2026-05-01 14:30:00.000,1777645800,3088.583,3097.591,3088.049,3095.759
2026-05-01 15:00:00.000,1777647600,3095.4,3096.686,3083.547,3085.154
2026-05-01 15:30:00.000,1777649400,3084.852,3086.337,3076.403,3076.892
2026-05-01 16:00:00.000,1777651200,3076.916,3083.507,3076.661,3082.925
2026-05-01 16:30:00.000,1777653000,3082.826,3087.188,3079.118,3082.663
2026-05-01 17:00:00.000,1777654800,3082.439,3085.235,3079.839,3080.602
2026-05-01 17:30:00.000,1777656600,3080.436,3084.372,3079.65,3081.533
2026-05-01 18:00:00.000,1777658400,3081.525,3087.48,3080.891,3086.924
2026-05-01 18:30:00.000,1777660200,3087.206,3090.553,3077.698,3079.202
2026-05-01 19:00:00.000,1777662000,3079.079,3080.463,3072.443,3077.161
2026-05-01 19:30:00.000,1777663800,3076.933,3077.847,3068.205,3070.142
2026-05-01 20:00:00.000,1777665600,3070.411,3073.775,3064.278,3064.867
2026-05-01 20:30:00.000,1777667400,3065.084,3065.878,3059.779,3062.784
2026-05-01 21:00:00.000,1777669200,3062.561,3067.044,3059.298,3059.298
2026-05-01 21:30:00.000,1777671000,3059.492,3063.178,3055.936,3059.633
2026-05-01 22:00:00.000,1777672800,3059.542,3059.7,3049.645,3056.753
2026-05-01 22:30:00.000,1777674600,3057.009,3059.481,3052.116,3057.908
2026-05-01 23:00:00.000,1777676400,3058.035,3062.026,3053.354,3057.887
2026-05-01 23:30:00.000,1777678200,3057.839,3062.207,3055.673,3057.402
2026-05-02 00:00:00.000,1777680000,3057.173,3062.006,3054.158,3055.288
2026-05-02 00:30:00.000,1777681800,3055.5,3058.399,3049.641,3054.416
2026-05-02 01:00:00.000,1777683600,3054.691,3059.141,3047.369,3049.028
2026-05-02 01:30:00.000,1777685400,3048.863,3050.365,3037.358,3038.806
2026-05-02 02:00:00.000,1777687200,3038.619,3043.836,3035.637,3035.812
2026-05-02 02:30:00.000,1777689000,3036.145,3037.622,3031.84,3035.653
2026-05-02 03:00:00.000,1777690800,3035.766,3038.252,3030.042,3031.07
2026-05-02 03:30:00.000,1777692600,3030.548,3033.298,3026.911,3031.834
2026-05-02 04:00:00.000,1777694400,3031.705,3031.716,3025.515,3027.858
2026-05-02 04:30:00.000,1777696200,3028.139,3033.961,3026.406,3030.358
2026-05-02 05:00:00.000,1777698000,3030.402,3038.95,3029.782,3030.943
2026-05-02 05:30:00.000,1777699800,3031.046,3034.187,3029.155,3032.034
2026-05-02 06:00:00.000,1777701600,3032.155,3032.956,3025.267,3029.445
2026-05-02 06:30:00.000,1777703400,3029.694,3034.793,3026.347,3034.782
2026-05-02 07:00:00.000,1777705200,3034.703,3037.48,3031.423,3033.203
2026-05-02 07:30:00.000,1777707000,3033.156,3036.477,3031.4,3031.4
2026-05-02 08:00:00.000,1777708800,3031.288,3040.398,3031.288,3038.888
2026-05-02 08:30:00.000,1777710600,3038.855,3039.865,3035.257,3037.034
2026-05-02 09:00:00.000,1777712400,3037.339,3041.036,3032.724,3033.328
2026-05-02 09:30:00.000,1777714200,3033.279,3034.185,3029.343,3033.369
2026-05-02 10:00:00.000,1777716000,3033.42,3044.785,3030.711,3043.565
2026-05-02 10:30:00.000,1777717800,3043.432,3047.642,3042.504,3044.862
2026-05-02 11:00:00.000,1777719600,3044.881,3052.535,3044.608,3050.997
2026-05-02 11:30:00.000,1777721400,3050.884,3051.005,3039.207,3039.996
2026-05-02 12:00:00.000,1777723200,3039.845,3041.399,3036.224,3040.296
2026-05-02 12:30:00.000,1777725000,3040.383,3040.383,3027.214,3027.572
2026-05-02 13:00:00.000,1777726800,3027.99,3031.023,3013.631,3015.001
2026-05-02 13:30:00.000,1777728600,3014.741,3018.558,3008.268,3013.026
2026-05-02 14:00:00.000,1777730400,3012.906,3024.554,3012.629,3022.984
2026-05-02 14:30:00.000,1777732200,3023.161,3023.161,3012.584,3016.482
2026-05-02 15:00:00.000,1777734000,3016.445,3022.12,3015.633,3021.029
2026-05-02 15:30:00.000,1777735800,3021.165,3022.808,3016.791,3017.138
2026-05-02 16:00:00.000,1777737600,3017.315,3020.182,3007.669,3007.932
2026-05-02 16:30:00.000,1777739400,3007.87,3012.26,3006.527,3009.825
2026-05-02 17:00:00.000,1777741200,3009.907,3010.652,3002.437,3008.142
2026-05-02 17:30:00.000,1777743000,3007.934,3015.132,3007.315,3008.746
2026-05-02 18:00:00.000,1777744800,3008.492,3012.996,3006.528,3012.045
2026-05-02 18:30:00.000,1777746600,3011.868,3016.717,3008.842,3014.729
2026-05-02 19:00:00.000,1777748400,3014.563,3017.64,3010.167,3013.289
2026-05-02 19:30:00.000,1777750200,3013.389,3022.482,3011.235,3018.545
2026-05-02 20:00:00.000,1777752000,3018.677,3023.978,3014.308,3015.461
2026-05-02 20:30:00.000,1777753800,3015.354,3019.672,3011.096,3013.025
2026-05-02 21:00:00.000,1777755600,3013.09,3016.002,3009.257,3011.425
2026-05-02 21:30:00.000,1777757400,3011.426,3024.969,3009.435,3024.969
2026-05-02 22:00:00.000,1777759200,3025.133,3028.186,3021.864,3023.501
2026-05-02 22:30:00.000,1777761000,3023.641,3024.303,3016.818,3017.364
2026-05-02 23:00:00.000,1777762800,3017.438,3021.57,3012.455,3013.02
2026-05-02 23:30:00.000,1777764600,3012.925,3016.778,3008.446,3009.418
2026-05-03 00:00:00.000,1777766400,3009.566,3010.496,3003.807,3006.988
2026-05-03 00:30:00.000,1777768200,3007.002,3010.433,3002.826,3003.95
2026-05-03 01:00:00.000,1777770000,3004.191,3004.711,2997.833,3000.439
2026-05-03 01:30:00.000,1777771800,3000.537,3002.205,2991.519,2992.765
2026-05-03 02:00:00.000,1777773600,2992.938,2999.026,2991.582,2996.139
2026-05-03 02:30:00.000,1777775400,2996.292,3002.134,2994.882,3001.334
2026-05-03 03:00:00.000,1777777200,3001.177,3005.12,2997.104,3003.107
2026-05-03 03:30:00.000,1777779000,3003.171,3007.599,2999.387,3003.998
2026-05-03 04:00:00.000,1777780800,3004.078,3015.463,3002.635,3013.231
2026-05-03 04:30:00.000,1777782600,3013.142,3014.626,3000.763,3000.853
2026-05-03 05:00:00.000,1777784400,3000.803,3009.462,3000.744,3008.208
2026-05-03 05:30:00.000,1777786200,3008.174,3013.31,3002.549,3011.256
2026-05-03 06:00:00.000,1777788000,3011.487,3012.65,3004.672,3008.43
2026-05-03 06:30:00.000,1777789800,3008.427,3011.412,3001.954,3001.954
2026-05-03 07:00:00.000,1777791600,3002.191,3003.707,2990.972,2991.139
2026-05-03 07:30:00.000,1777793400,2990.801,2999.224,2988.012,2999.224
2026-05-03 08:00:00.000,1777795200,2999.359,3001.191,2984.323,2985.003
2026-05-03 08:30:00.000,1777797000,2985.041,2989.672,2981.876,2988.327
2026-05-03 09:00:00.000,1777798800,2988.105,2991.894,2985.176,2987.868
2026-05-03 09:30:00.000,1777800600,2987.625,2989.737,2978.63,2979.313
2026-05-03 10:00:00.000,1777802400,2979.404,2986.71,2977.13,2979.068
2026-05-03 10:30:00.000,1777804200,2978.806,2983.967,2978.256,2979.91
2026-05-03 11:00:00.000,1777806000,2979.879,2982.263,2976.06,2976.199
2026-05-03 11:30:00.000,1777807800,2976.056,2978.537,2969.312,2972.352
2026-05-03 12:00:00.000,1777809600,2972.102,2981.902,2969.336,2981.902
2026-05-03 12:30:00.000,1777811400,2981.848,2991.043,2980.677,2990.091
2026-05-03 13:00:00.000,1777813200,2990.043,3001.782,2989.719,2999.234
2026-05-03 13:30:00.000,1777815000,2999.069,3000.419,2994.337,2996.655
2026-05-03 14:00:00.000,1777816800,2996.383,3006.515,2996.383,3002.053
2026-05-03 14:30:00.000,1777818600,3002.062,3011.959,3000.631,3011.133
2026-05-03 15:00:00.000,1777820400,3011.239,3011.721,3003.146,3009.517
2026-05-03 15:30:00.000,1777822200,3009.085,3012.881,3008.21,3010.386
2026-05-03 16:00:00.000,1777824000,3010.387,3016.193,3002.098,3002.355
2026-05-03 16:30:00.000,1777825800,3002.4,3008.573,3000.435,3006.824
2026-05-03 17:00:00.000,1777827600,3006.891,3009.477,2999.795,3005.192
2026-05-03 17:30:00.000,1777829400,3005.108,3016.285,3004.697,3013.495
2026-05-03 18:00:00.000,1777831200,3013.432,3014.673,3008.557,3013.159
2026-05-03 18:30:00.000,1777833000,3013.141,3015.489,3006.763,3012.391
2026-05-03 19:00:00.000,1777834800,3011.88,3016.86,3006.45,3010.549
2026-05-03 19:30:00.000,1777836600,3010.721,3013.417,3002.616,3003.445
2026-05-03 20:00:00.000,1777838400,3003.498,3008.137,3000.376,3006.296
2026-05-03 20:30:00.000,1777840200,3006.3,3012.619,3004.404,3008.668
2026-05-03 21:00:00.000,1777842000,3008.449,3011.6,3005.481,3009.007
2026-05-03 21:30:00.000,1777843800,3008.928,3014.945,3007.831,3011.245
2026-05-03 22:00:00.000,1777845600,3011.242,3013.285,3002.168,3003.698
2026-05-03 22:30:00.000,1777847400,3003.652,3010.501,3002.366,3003.533
2026-05-03 23:00:00.000,1777849200,3003.876,3008.006,2999.365,2999.387
2026-05-03 23:30:00.000,1777851000,2999.044,3000.568,2990.851,2992.48
2026-05-04 00:00:00.000,1777852800,2992.338,2992.938,2986.243,2987.393
2026-05-04 00:30:00.000,1777854600,2987.372,2996.962,2987.372,2995.409
2026-05-04 01:00:00.000,1777856400,2995.14,3001.379,2992.943,3001.009
2026-05-04 01:30:00.000,1777858200,3001.053,3001.507,2996.89,2999.214
2026-05-04 02:00:00.000,1777860000,2999.513,3000.031,2992.1,2994.387
2026-05-04 02:30:00.000,1777861800,2994.83,2996.465,2987.52,2988.116
2026-05-04 03:00:00.000,1777863600,2988.118,2994.89,2986.725,2991.357
2026-05-04 03:30:00.000,1777865400,2991.281,2995.895,2990.861,2995.162
2026-05-04 04:00:00.000,1777867200,2995,2998.3,2989.824,2997.894
2026-05-04 04:30:00.000,1777869000,2997.812,3001.018,2989.611,2989.96
2026-05-04 05:00:00.000,1777870800,2989.844,3000.316,2987.415,3000.316
2026-05-04 05:30:00.000,1777872600,3000.712,3005.61,2998.947,3002.482
2026-05-04 06:00:00.000,1777874400,3002.503,3011.234,3000.735,3001.966
2026-05-04 06:30:00.000,1777876200,3002.121,3006.788,3001.166,3004.734
2026-05-04 07:00:00.000,1777878000,3004.606,3012.243,3002.656,3006.795
2026-05-04 07:30:00.000,1777879800,3006.612,3014.163,3004.605,3013.308
2026-05-04 08:00:00.000,1777881600,3013.717,3015.467,3002.585,3008.168
2026-05-04 08:30:00.000,1777883400,3008.009,3016.995,3007.936,3016.995
2026-05-04 09:00:00.000,1777885200,3016.781,3020.891,3009.29,3020.371
2026-05-04 09:30:00.000,1777887000,3020.15,3022.311,3013.783,3017.615
2026-05-04 10:00:00.000,1777888800,3017.478,3018.088,3007.487,3007.487
2026-05-04 10:30:00.000,1777890600,3007.258,3014.083,3005.425,3011.51
2026-05-04 11:00:00.000,1777892400,3011.601,3016.714,3010.4,3010.595
2026-05-04 11:30:00.000,1777894200,3010.734,3011.961,2995.043,2995.396
2026-05-04 12:00:00.000,1777896000,2995.198,2996.998,2989.019,2994.462
2026-05-04 12:30:00.000,1777897800,2994.47,2996.329,2984.783,2990.089
2026-05-04 13:00:00.000,1777899600,2990.096,2991.523,2982.676,2985.057
2026-05-04 13:30:00.000,1777901400,2984.926,2987.725,2981.056,2985.993
2026-05-04 14:00:00.000,1777903200,2986.203,2996.246,2985.216,2990.441
2026-05-04 14:30:00.000,1777905000,2990.428,2991.157,2985.724,2989.62
2026-05-04 15:00:00.000,1777906800,2989.885,2991.636,2982.503,2985.008
2026-05-04 15:30:00.000,1777908600,2985.25,2988.835,2978.745,2978.871
2026-05-04 16:00:00.000,1777910400,2978.971,2981.399,2975.881,2980.789
2026-05-04 16:30:00.000,1777912200,2981.062,2984.374,2978.778,2982.7
2026-05-04 17:00:00.000,1777914000,2982.564,2982.755,2974.25,2979.576
2026-05-04 17:30:00.000,1777915800,2979.774,2984.723,2975.976,2980.7
2026-05-04 18:00:00.000,1777917600,2981.229,2982.197,2975.314,2977.062
2026-05-04 18:30:00.000,1777919400,2976.756,2982.687,2975.159,2981.459
2026-05-04 19:00:00.000,1777921200,2981.379,2984.003,2976.811,2978.491
2026-05-04 19:30:00.000,1777923000,2978.319,2978.436,2970.256,2975.31
2026-05-04 20:00:00.000,1777924800,2975.254,2983.372,2974.8,2980.896
2026-05-04 20:30:00.000,1777926600,2980.714,2982.556,2975.051,2978.345
2026-05-04 21:00:00.000,1777928400,2978.169,2979.397,2970.283,2971.63
2026-05-04 21:30:00.000,1777930200,2971.447,2978.904,2969.795,2976.897
2026-05-04 22:00:00.000,1777932000,2976.737,2980.651,2971.207,2973.61
2026-05-04 22:30:00.000,1777933800,2973.504,2981.499,2971.809,2976.55
2026-05-04 23:00:00.000,1777935600,2976.473,2979.7,2971.97,2974.41
2026-05-04 23:30:00.000,1777937400,2974.324,2977.912,2968.352,2969.947
2026-05-05 00:00:00.000,1777939200,2969.881,2978.175,2967.159,2977.783
2026-05-05 00:30:00.000,1777941000,2977.607,2981.504,2975.616,2977.809
2026-05-05 01:00:00.000,1777942800,2977.99,2982.029,2976.463,2980.826
2026-05-05 01:30:00.000,1777944600,2980.901,2982.473,2974.731,2979.503
2026-05-05 02:00:00.000,1777946400,2979.216,2980.62,2974.379,2974.969
2026-05-05 02:30:00.000,1777948200,2974.926,2975.313,2966.985,2969.66
2026-05-05 03:00:00.000,1777950000,2969.578,2969.726,2962.814,2963.678
2026-05-05 03:30:00.000,1777951800,2963.665,2964.237,2956.282,2958.966
2026-05-05 04:00:00.000,1777953600,2958.772,2960.28,2954.418,2957.874
2026-05-05 04:30:00.000,1777955400,2957.97,2960.323,2952.456,2952.545
2026-05-05 05:00:00.000,1777957200,2952.184,2959.216,2951.81,2958.107
2026-05-05 05:30:00.000,1777959000,2957.931,2959.797,2954.096,2958.464
2026-05-05 06:00:00.000,1777960800,2958.044,2960.803,2949.725,2949.725
2026-05-05 06:30:00.000,1777962600,2949.775,2956.093,2948.515,2953.48
2026-05-05 07:00:00.000,1777964400,2953.369,2953.877,2946.312,2948.514
2026-05-05 07:30:00.000,1777966200,2948.201,2951.215,2940.873,2942.354
2026-05-05 08:00:00.000,1777968000,2942.583,2948.684,2939.595,2940.737
2026-05-05 08:30:00.000,1777969800,2940.619,2950.723,2938.623,2950.723
2026-05-05 09:00:00.000,1777971600,2950.404,2951.063,2946.369,2950.609
2026-05-05 09:30:00.000,1777973400,2950.359,2956.007,2948.022,2951.947
2026-05-05 10:00:00.000,1777975200,2952.003,2961.995,2951.237,2959.244
2026-05-05 10:30:00.000,1777977000,2959.373,2972.83,2957.694,2969.97
2026-05-05 11:00:00.000,1777978800,2969.926,2970.445,2964.223,2969.258
2026-05-05 11:30:00.000,1777980600,2969.19,2971.952,2966.451,2969.297
2026-05-05 12:00:00.000,1777982400,2969.248,2971.094,2964.164,2969.258
2026-05-05 12:30:00.000,1777984200,2969.32,2973.703,2967.081,2973.703
2026-05-05 13:00:00.000,1777986000,2973.572,2981.385,2971.878,2980.138
2026-05-05 13:30:00.000,1777987800,2980.119,2985.906,2978.318,2985.518
2026-05-05 14:00:00.000,1777989600,2985.458,2985.502,2979.698,2980.876
2026-05-05 14:30:00.000,1777991400,2980.979,2985.824,2978.76,2981.242
2026-05-05 15:00:00.000,1777993200,2981.461,2987.042,2979.562,2981.059
2026-05-05 15:30:00.000,1777995000,2980.831,2986.571,2980.158,2983.043
2026-05-05 16:00:00.000,1777996800,2983.051,2989.458,2982.052,2986.031
2026-05-05 16:30:00.000,1777998600,2986.158,2990.94,2980.571,2985.329
2026-05-05 17:00:00.000,1778000400,2985.158,2994.787,2985.158,2992.912
2026-05-05 17:30:00.000,1778002200,2992.753,2996.625,2988.554,2990.735
2026-05-05 18:00:00.000,1778004000,2990.599,2991.643,2987.096,2989.859
2026-05-05 18:30:00.000,1778005800,2989.813,2991.063,2984.503,2989.141
2026-05-05 19:00:00.000,1778007600,2988.786,2990.864,2983.79,2984.165
2026-05-05 19:30:00.000,1778009400,2983.98,2991.861,2983.98,2986.71
2026-05-05 20:00:00.000,1778011200,2986.732,2997.304,2985.259,2996.643
2026-05-05 20:30:00.000,1778013000,2996.624,3002.747,2995.996,2997.097
2026-05-05 21:00:00.000,1778014800,2996.953,3004.819,2996.347,2997.089
2026-05-05 21:30:00.000,1778016600,2997.24,2997.584,2985.816,2989.427
2026-05-05 22:00:00.000,1778018400,2989.501,2993.245,2984.99,2986.606
2026-05-05 22:30:00.000,1778020200,2986.727,2991.536,2983.414,2983.971
2026-05-05 23:00:00.000,1778022000,2983.722,2991.639,2981.287,2989.553
2026-05-05 23:30:00.000,1778023800,2989.603,2994.727,2987.267,2988.851
2026-05-06 00:00:00.000,1778025600,2988.764,2991.514,2983.525,2983.525
2026-05-06 00:30:00.000,1778027400,2983.17,2984.499,2977.855,2980.54
2026-05-06 01:00:00.000,1778029200,2980.752,2985.08,2979.365,2982.092
2026-05-06 01:30:00.000,1778031000,2982.013,2986.572,2981.167,2984.401
2026-05-06 02:00:00.000,1778032800,2984.62,2990.256,2980.543,2980.911
2026-05-06 02:30:00.000,1778034600,2980.644,2982.205,2975.266,2975.42
2026-05-06 03:00:00.000,1778036400,2975.666,2976.698,2969.146,2972.137
2026-05-06 03:30:00.000,1778038200,2972.413,2983.959,2971.205,2980.702
2026-05-06 04:00:00.000,1778040000,2980.672,2985.484,2979.099,2979.884
2026-05-06 04:30:00.000,1778041800,2979.952,2981.698,2972.367,2980.319
2026-05-06 05:00:00.000,1778043600,2980.054,2985.773,2976.962,2980.897
2026-05-06 05:30:00.000,1778045400,2980.846,2984.211,2978.455,2978.861
2026-05-06 06:00:00.000,1778047200,2978.91,2982.486,2974.974,2975.996
2026-05-06 06:30:00.000,1778049000,2975.88,2982.333,2972.01,2981.944
2026-05-06 07:00:00.000,1778050800,2982.021,2982.062,2972.026,2973.688
2026-05-06 07:30:00.000,1778052600,2973.685,2977.425,2971.405,2972.553
2026-05-06 08:00:00.000,1778054400,2972.517,2974.539,2970.207,2973.505
2026-05-06 08:30:00.000,1778056200,2973.563,2974.371,2964.693,2969.964
2026-05-06 09:00:00.000,1778058000,2970.024,2974.245,2967.817,2973.439
2026-05-06 09:30:00.000,1778059800,2973.464,2977.61,2970.987,2973.021
2026-05-06 10:00:00.000,1778061600,2973.022,2978.381,2970.805,2976.967
2026-05-06 10:30:00.000,1778063400,2977.237,2979.477,2969.934,2975.003
2026-05-06 11:00:00.000,1778065200,2974.978,2994.289,2974.301,2993.048
2026-05-06 11:30:00.000,1778067000,2993.348,3002.29,2989.926,3000.224
2026-05-06 12:00:00.000,1778068800,3000.149,3001.925,2996.331,2998.957
2026-05-06 12:30:00.000,1778070600,2999.001,3001.841,2995.008,3001.672
2026-05-06 13:00:00.000,1778072400,3001.458,3004.332,3000.355,3002.078
2026-05-06 13:30:00.000,1778074200,3002.29,3011.111,2997.511,3009.222
2026-05-06 14:00:00.000,1778076000,3009.038,3012.524,3008.136,3010.88
2026-05-06 14:30:00.000,1778077800,3010.837,3011.818,3000.191,3001.658
2026-05-06 15:00:00.000,1778079600,3001.501,3007.717,2997.71,3007.128
2026-05-06 15:30:00.000,1778081400,3007.667,3008.63,3003.842,3005.992
2026-05-06 16:00:00.000,1778083200,3005.851,3008.126,2997.76,2997.947
2026-05-06 16:30:00.000,1778085000,2998.008,3002.343,2995.539,2996.279
2026-05-06 17:00:00.000,1778086800,2996.092,2998.028,2992.476,2996.556
2026-05-06 17:30:00.000,1778088600,2996.033,3002.896,2992.845,3001.509
2026-05-06 18:00:00.000,1778090400,3001.347,3004.044,2998.516,3001.842
2026-05-06 18:30:00.000,1778092200,3002.084,3002.335,2992.662,2995.306
2026-05-06 19:00:00.000,1778094000,2995.046,2997.175,2990.094,2993.896
2026-05-06 19:30:00.000,1778095800,2994.117,2995.989,2989.484,2993.548
2026-05-06 20:00:00.000,1778097600,2993.383,2994.795,2987.033,2989.476
2026-05-06 20:30:00.000,1778099400,2989.141,2994.163,2986.503,2989.323
2026-05-06 21:00:00.000,1778101200,2989.24,2991.153,2982.569,2983.632
2026-05-06 21:30:00.000,1778103000,2983.532,2984.948,2978.941,2979.178
2026-05-06 22:00:00.000,1778104800,2979.436,2985.326,2977.078,2982.325
2026-05-06 22:30:00.000,1778106600,2982.083,2983.256,2975.234,2980.074
2026-05-06 23:00:00.000,1778108400,2980.007,2980.756,2973.756,2975.819
2026-05-06 23:30:00.000,1778110200,2975.891,2976.243,2969.273,2974.443
2026-05-07 00:00:00.000,1778112000,2974.76,2978.898,2971.478,2974.25
2026-05-07 00:30:00.000,1778113800,2974.391,2975.311,2967.07,2968.27
2026-05-07 01:00:00.000,1778115600,2968.45,2973.264,2966.842,2971.673
2026-05-07 01:30:00.000,1778117400,2971.461,2976.339,2967.468,2967.678
2026-05-07 02:00:00.000,1778119200,2967.36,2980.193,2966.736,2977.922
2026-05-07 02:30:00.000,1778121000,2977.709,2980.739,2971.66,2972.729
2026-05-07 03:00:00.000,1778122800,2973.183,2977.347,2970.45,2975.117
2026-05-07 03:30:00.000,1778124600,2975.297,2976.48,2969.094,2970.526
2026-05-07 04:00:00.000,1778126400,2970.371,2974.255,2968.437,2973.208
2026-05-07 04:30:00.000,1778128200,2973.124,2979.2,2969.53,2975.107
2026-05-07 05:00:00.000,1778130000,2974.81,2976.204,2968.535,2968.932
2026-05-07 05:30:00.000,1778131800,2968.909,2968.909,2959.23,2959.482
2026-05-07 06:00:00.000,1778133600,2959.745,2966.599,2957.325,2958.519
2026-05-07 06:30:00.000,1778135400,2958.381,2963.253,2957.981,2960.655
2026-05-07 07:00:00.000,1778137200,2960.604,2960.604,2936.521,2939.348
2026-05-07 07:30:00.000,1778139000,2939.228,2940.618,2930.697,2932
2026-05-07 08:00:00.000,1778140800,2931.927,2932.556,2924.428,2929.217
2026-05-07 08:30:00.000,1778142600,2928.744,2931.804,2926.456,2931.688
2026-05-07 09:00:00.000,1778144400,2931.644,2933.702,2925.301,2926.311
2026-05-07 09:30:00.000,1778146200,2926.491,2932.706,2922.935,2930.399
2026-05-07 10:00:00.000,1778148000,2930.303,2931.072,2924.235,2926.259
2026-05-07 10:30:00.000,1778149800,2926.299,2928.065,2922.085,2926.553
2026-05-07 11:00:00.000,1778151600,2926.612,2930.232,2923.993,2927.011
2026-05-07 11:30:00.000,1778153400,2926.853,2929.71,2919.303,2922.301
2026-05-07 12:00:00.000,1778155200,2922.446,2927.56,2919.071,2924.106
2026-05-07 12:30:00.000,1778157000,2924.1,2926.209,2919.5,2924.711
2026-05-07 13:00:00.000,1778158800,2924.703,2927.495,2918.285,2927.457
2026-05-07 13:30:00.000,1778160600,2927.154,2929.394,2922.255,2929.394
2026-05-07 14:00:00.000,1778162400,2929.24,2930.094,2918.423,2918.553
2026-05-07 14:30:00.000,1778164200,2918.807,2926.708,2917.218,2920.495
2026-05-07 15:00:00.000,1778166000,2920.584,2920.905,2909.3,2912.039
2026-05-07 15:30:00.000,1778167800,2912.199,2916.882,2909.609,2912.429
2026-05-07 16:00:00.000,1778169600,2912.213,2922.635,2911.808,2919.305
2026-05-07 16:30:00.000,1778171400,2919.302,2921.887,2913.033,2921.812
2026-05-07 17:00:00.000,1778173200,2921.919,2924.034,2918.293,2920.691
2026-05-07 17:30:00.000,1778175000,2921.133,2923.532,2918.064,2922.201
2026-05-07 18:00:00.000,1778176800,2921.989,2930.183,2921.591,2926.905
2026-05-07 18:30:00.000,1778178600,2926.658,2927.556,2913.32,2916.718
2026-05-07 19:00:00.000,1778180400,2916.84,2919.231,2914.809,2916.56
2026-05-07 19:30:00.000,1778182200,2916.345,2916.441,2902.636,2903.652
2026-05-07 20:00:00.000,1778184000,2903.381,2910.504,2902.74,2903.914
2026-05-07 20:30:00.000,1778185800,2904.024,2912.277,2903.996,2910.406
2026-05-07 21:00:00.000,1778187600,2910.264,2915.527,2907.395,2911.177
2026-05-07 21:30:00.000,1778189400,2911.148,2911.872,2902.001,2904.205
2026-05-07 22:00:00.000,1778191200,2904.065,2907.36,2900.743,2903.978
2026-05-07 22:30:00.000,1778193000,2903.837,2910.156,2903.837,2910.156
2026-05-07 23:00:00.000,1778194800,2910.108,2920.886,2909.597,2915.067
2026-05-07 23:30:00.000,1778196600,2915.139,2917.217,2911.358,2915.635
2026-05-08 00:00:00.000,1778198400,2915.609,2916.273,2911.256,2912.591
2026-05-08 00:30:00.000,1778200200,2912.43,2916.906,2909.051,2913.952
2026-05-08 01:00:00.000,1778202000,2913.982,2922.611,2913.62,2917.589
2026-05-08 01:30:00.000,1778203800,2917.553,2920.569,2913.347,2913.767
2026-05-08 02:00:00.000,1778205600,2913.803,2917.89,2913.183,2914.95
2026-05-08 02:30:00.000,1778207400,2914.999,2929.153,2914.999,2927.896
2026-05-08 03:00:00.000,1778209200,2927.9,2932.52,2911.938,2911.938
2026-05-08 03:30:00.000,1778211000,2912.238,2913.181,2907.709,2912.102
2026-05-08 04:00:00.000,1778212800,2911.852,2917.624,2910.535,2914.626
2026-05-08 04:30:00.000,1778214600,2914.838,2916.466,2911.274,2912.072
2026-05-08 05:00:00.000,1778216400,2912.44,2916.814,2910.815,2913.77
2026-05-08 05:30:00.000,1778218200,2914.02,2918.991,2912.941,2914.867
2026-05-08 06:00:00.000,1778220000,2915.255,2916.667,2906.722,2906.886
2026-05-08 06:30:00.000,1778221800,2906.874,2912.648,2903.427,2908.487
2026-05-08 07:00:00.000,1778223600,2908.623,2910.16,2903.632,2909.501
2026-05-08 07:30:00.000,1778225400,2909.388,2915.868,2908.528,2910.654
2026-05-08 08:00:00.000,1778227200,2910.493,2914.723,2906.952,2907.57
2026-05-08 08:30:00.000,1778229000,2907.432,2913.343,2905.033,2907.503
2026-05-08 09:00:00.000,1778230800,2907.476,2910.498,2902.682,2909.672
2026-05-08 09:30:00.000,1778232600,2909.736,2919.672,2909.736,2918.998
2026-05-08 10:00:00.000,1778234400,2919.109,2922.396,2914.087,2914.087
2026-05-08 10:30:00.000,1778236200,2914.269,2917.481,2911.834,2912.727
2026-05-08 11:00:00.000,1778238000,2912.406,2918.374,2912.267,2915.876
2026-05-08 11:30:00.000,1778239800,2915.603,2925.387,2915.395,2924.887
2026-05-08 12:00:00.000,1778241600,2924.662,2932.493,2924.662,2927.561
2026-05-08 12:30:00.000,1778243400,2927.424,2931.39,2924.772,2931.187
2026-05-08 13:00:00.000,1778245200,2931.245,2934.529,2926.804,2931.465
2026-05-08 13:30:00.000,1778247000,2931.876,2935.724,2930.813,2931.549
2026-05-08 14:00:00.000,1778248800,2931.45,2940.559,2931.45,2936.87
2026-05-08 14:30:00.000,1778250600,2936.827,2940.717,2928.019,2931.335
2026-05-08 15:00:00.000,1778252400,2931.328,2935.226,2929.916,2931.182
2026-05-08 15:30:00.000,1778254200,2931.299,2935.885,2928.523,2933.029
2026-05-08 16:00:00.000,1778256000,2932.879,2934.01,2928.139,2929.324
2026-05-08 16:30:00.000,1778257800,2929.383,2939.527,2929.383,2936.064
2026-05-08 17:00:00.000,1778259600,2936.161,2937.446,2929.096,2929.594
2026-05-08 17:30:00.000,1778261400,2929.855,2934.091,2927.835,2929.838
2026-05-08 18:00:00.000,1778263200,2929.726,2930.625,2924.283,2929.588
2026-05-08 18:30:00.000,1778265000,2929.801,2934.638,2926.809,2930.424
2026-05-08 19:00:00.000,1778266800,2930.354,2939.367,2929.781,2934.961
2026-05-08 19:30:00.000,1778268600,2935.146,2936.916,2926.898,2927.746
2026-05-08 20:00:00.000,1778270400,2927.861,2939.988,2927.415,2937.781
2026-05-08 20:30:00.000,1778272200,2937.865,2939.743,2933.753,2933.753
2026-05-08 21:00:00.000,1778274000,2933.756,2937.499,2930.153,2936.647
2026-05-08 21:30:00.000,1778275800,2936.741,2937.334,2925.952,2927.257
2026-05-08 22:00:00.000,1778277600,2927.06,2934.317,2925.833,2933.388
2026-05-08 22:30:00.000,1778279400,2933.322,2940.567,2930.26,2935.658
2026-05-08 23:00:00.000,1778281200,2935.367,2938.071,2930.775,2933.182
2026-05-08 23:30:00.000,1778283000,2932.99,2935.163,2928.276,2930.153
2026-05-09 00:00:00.000,1778284800,2929.758,2935.137,2926.467,2933.925
2026-05-09 00:30:00.000,1778286600,2934.388,2938.848,2933.61,2937.257
2026-05-09 01:00:00.000,1778288400,2937.275,2949.253,2937.032,2948.284
2026-05-09 01:30:00.000,1778290200,2948.142,2950.241,2939.125,2941.195
2026-05-09 02:00:00.000,1778292000,2941.224,2948.965,2940.544,2944.991
2026-05-09 02:30:00.000,1778293800,2944.511,2949.508,2938.73,2947.91
2026-05-09 03:00:00.000,1778295600,2947.812,2952.138,2944.625,2946.456
2026-05-09 03:30:00.000,1778297400,2946.091,2957.236,2942.724,2956.475
2026-05-09 04:00:00.000,1778299200,2956.454,2973.476,2954.847,2972.01
2026-05-09 04:30:00.000,1778301000,2972.427,2975.966,2966.966,2967.649
2026-05-09 05:00:00.000,1778302800,2967.587,2971.602,2965.284,2965.284
2026-05-09 05:30:00.000,1778304600,2965.185,2971.155,2964.279,2970.484
2026-05-09 06:00:00.000,1778306400,2970.687,2974.357,2969.293,2971.081
2026-05-09 06:30:00.000,1778308200,2971.054,2978.113,2968.364,2978.013
2026-05-09 07:00:00.000,1778310000,2978.179,2979.601,2973.892,2976.07
2026-05-09 07:30:00.000,1778311800,2976.295,2984.011,2975.75,2983.684
2026-05-09 08:00:00.000,1778313600,2983.685,2989.139,2979.102,2987.201
2026-05-09 08:30:00.000,1778315400,2987.463,2987.636,2977.467,2977.972
2026-05-09 09:00:00.000,1778317200,2978.355,2979.879,2974.498,2979.528
2026-05-09 09:30:00.000,1778319000,2979.47,2982.01,2971.212,2973.154
2026-05-09 10:00:00.000,1778320800,2973.378,2973.761,2960.833,2961.372
2026-05-09 10:30:00.000,1778322600,2961.351,2965.99,2957.289,2964.767
2026-05-09 11:00:00.000,1778324400,2964.397,2966.288,2960.11,2960.965
2026-05-09 11:30:00.000,1778326200,2960.846,2963.672,2958.122,2959.411
2026-05-09 12:00:00.000,1778328000,2959.493,2963.598,2956.54,2962.599
2026-05-09 12:30:00.000,1778329800,2962.353,2964.184,2958.417,2964.184
2026-05-09 13:00:00.000,1778331600,2964.609,2967.178,2961.88,2963.136
2026-05-09 13:30:00.000,1778333400,2963.108,2963.284,2953.721,2954.244
2026-05-09 14:00:00.000,1778335200,2954.432,2960.501,2949.621,2949.987
2026-05-09 14:30:00.000,1778337000,2949.982,2950.428,2942.454,2946.164
2026-05-09 15:00:00.000,1778338800,2946.35,2950.711,2944.87,2949.366
2026-05-09 15:30:00.000,1778340600,2949.449,2955.221,2949.001,2952.659
2026-05-09 16:00:00.000,1778342400,2952.45,2954.877,2947.802,2951.006
2026-05-09 16:30:00.000,1778344200,2950.813,2961.491,2949.524,2961.035
2026-05-09 17:00:00.000,1778346000,2961.107,2968.047,2960.593,2962.87
2026-05-09 17:30:00.000,1778347800,2962.891,2963.396,2955.328,2955.767
2026-05-09 18:00:00.000,1778349600,2955.718,2955.991,2947.122,2952.959
2026-05-09 18:30:00.000,1778351400,2953.027,2954.559,2945.789,2949.63
2026-05-09 19:00:00.000,1778353200,2949.683,2950.125,2939.167,2939.634
2026-05-09 19:30:00.000,1778355000,2939.69,2945.887,2937.733,2940.955
2026-05-09 20:00:00.000,1778356800,2940.852,2941.389,2936.168,2938.402
2026-05-09 20:30:00.000,1778358600,2938.294,2939.314,2930.464,2930.464
2026-05-09 21:00:00.000,1778360400,2930.655,2930.683,2923.956,2925.268
2026-05-09 21:30:00.000,1778362200,2925.366,2928.19,2919.246,2926.683
2026-05-09 22:00:00.000,1778364000,2926.492,2928.483,2920.507,2921.082
2026-05-09 22:30:00.000,1778365800,2920.933,2922.549,2916.692,2917.324
2026-05-09 23:00:00.000,1778367600,2917.012,2917.012,2913.276,2915.614
2026-05-09 23:30:00.000,1778369400,2915.674,2922.413,2913.794,2919.536
2026-05-10 00:00:00.000,1778371200,2919.613,2935.844,2918.51,2935.095
2026-05-10 00:30:00.000,1778373000,2935.214,2940.684,2934.924,2936.704
2026-05-10 01:00:00.000,1778374800,2936.77,2937.313,2931.317,2935.513
2026-05-10 01:30:00.000,1778376600,2935.558,2936.1,2925.894,2930.397
2026-05-10 02:00:00.000,1778378400,2930.454,2934.45,2925.416,2926.27
2026-05-10 02:30:00.000,1778380200,2926.197,2933.681,2924.331,2931.979
2026-05-10 03:00:00.000,1778382000,2931.847,2941.166,2931.62,2939.942
2026-05-10 03:30:00.000,1778383800,2939.809,2942.686,2937.91,2940.328
2026-05-10 04:00:00.000,1778385600,2940.556,2945.65,2937.797,2937.797
2026-05-10 04:30:00.000,1778387400,2937.426,2946.242,2937.403,2946.168
2026-05-10 05:00:00.000,1778389200,2946.136,2950.425,2944.445,2950.185
2026-05-10 05:30:00.000,1778391000,2950.31,2955.051,2949.409,2951.108
2026-05-10 06:00:00.000,1778392800,2950.812,2953.941,2946.066,2951.385
2026-05-10 06:30:00.000,1778394600,2951.416,2954.728,2946.125,2946.125
2026-05-10 07:00:00.000,1778396400,2946.336,2946.732,2939.073,2940.107
2026-05-10 07:30:00.000,1778398200,2939.846,2941.897,2936.052,2940.499
2026-05-10 08:00:00.000,1778400000,2940.399,2948.501,2938.736,2940.975
2026-05-10 08:30:00.000,1778401800,2941.196,2945.058,2938.681,2943.575
2026-05-10 09:00:00.000,1778403600,2943.127,2952.687,2941.916,2950.101
2026-05-10 09:30:00.000,1778405400,2950.22,2958.256,2947.833,2955.021
2026-05-10 10:00:00.000,1778407200,2954.644,2956.411,2947.061,2949.217
2026-05-10 10:30:00.000,1778409000,2949.042,2950.485,2943.589,2944.052
2026-05-10 11:00:00.000,1778410800,2944.009,2945.63,2931.841,2932.444
2026-05-10 11:30:00.000,1778412600,2932.498,2940.741,2931.279,2937.56
2026-05-10 12:00:00.000,1778414400,2937.459,2937.873,2930.658,2936.636
2026-05-10 12:30:00.000,1778416200,2936.819,2941.054,2931.423,2939.352
2026-05-10 13:00:00.000,1778418000,2939.154,2941.407,2933.73,2938.542
2026-05-10 13:30:00.000,1778419800,2938.699,2940.093,2933.413,2936.523
2026-05-10 14:00:00.000,1778421600,2936.402,2937.705,2928.571,2932.588
2026-05-10 14:30:00.000,1778423400,2932.352,2932.364,2925.565,2925.565
2026-05-10 15:00:00.000,1778425200,2925.562,2926.547,2918.081,2921.868
2026-05-10 15:30:00.000,1778427000,2921.65,2931.25,2920.497,2929.662
2026-05-10 16:00:00.000,1778428800,2929.619,2929.786,2918.294,2918.708
2026-05-10 16:30:00.000,1778430600,2918.7,2918.957,2909.655,2918.068
2026-05-10 17:00:00.000,1778432400,2918.25,2919.09,2913.276,2914.441
2026-05-10 17:30:00.000,1778434200,2914.339,2917.299,2910.037,2913.454
2026-05-10 18:00:00.000,1778436000,2913.376,2916.898,2908.772,2909.142
2026-05-10 18:30:00.000,1778437800,2909.093,2912.241,2903.625,2907.923
2026-05-10 19:00:00.000,1778439600,2907.723,2909.679,2903.878,2908.757
2026-05-10 19:30:00.000,1778441400,2908.765,2922.023,2907.964,2919.728
2026-05-10 20:00:00.000,1778443200,2919.783,2923.87,2909.704,2911.84
2026-05-10 20:30:00.000,1778445000,2911.651,2913.563,2908.527,2908.527
2026-05-10 21:00:00.000,1778446800,2908.683,2913.463,2906.878,2911.181
2026-05-10 21:30:00.000,1778448600,2911.11,2915.982,2906.413,2906.872
2026-05-10 22:00:00.000,1778450400,2907.095,2916.146,2907.095,2913.205
2026-05-10 22:30:00.000,1778452200,2912.914,2915.461,2906.944,2908.508
2026-05-10 23:00:00.000,1778454000,2908.758,2909.252,2901.607,2901.967
2026-05-10 23:30:00.000,1778455800,2901.844,2907.034,2898.726,2905.752
2026-05-11 00:00:00.000,1778457600,2905.735,2915.103,2904.879,2910.815
2026-05-11 00:30:00.000,1778459400,2910.752,2914.577,2904.223,2912.651
2026-05-11 01:00:00.000,1778461200,2912.758,2913.506,2903.802,2905.222
2026-05-11 01:30:00.000,1778463000,2904.853,2908.726,2899.87,2904.742
2026-05-11 02:00:00.000,1778464800,2905.164,2909.665,2903.838,2905.355
2026-05-11 02:30:00.000,1778466600,2905.373,2905.406,2896.339,2897.625
2026-05-11 03:00:00.000,1778468400,2897.323,2900.517,2891.356,2897.28
2026-05-11 03:30:00.000,1778470200,2897.541,2897.541,2888.481,2889.358
2026-05-11 04:00:00.000,1778472000,2889.263,2890.277,2883.272,2888.621
2026-05-11 04:30:00.000,1778473800,2888.651,2894.335,2888.651,2891.647
2026-05-11 05:00:00.000,1778475600,2891.62,2892.19,2881.727,2884.072
2026-05-11 05:30:00.000,1778477400,2884.167,2889.607,2880.029,2883.577
2026-05-11 06:00:00.000,1778479200,2883.611,2888.882,2881.708,2886.273
2026-05-11 06:30:00.000,1778481000,2886.295,2893.607,2885.22,2887.486
2026-05-11 07:00:00.000,1778482800,2887.617,2889.219,2881.561,2883.787
2026-05-11 07:30:00.000,1778484600,2883.727,2886.294,2878.125,2879.575
2026-05-11 08:00:00.000,1778486400,2879.198,2879.254,2870.172,2873.922
2026-05-11 08:30:00.000,1778488200,2874.123,2885.049,2874.081,2883.027
2026-05-11 09:00:00.000,1778490000,2882.801,2886.503,2881.293,2884.607
2026-05-11 09:30:00.000,1778491800,2884.53,2885.679,2871.731,2874.328
2026-05-11 10:00:00.000,1778493600,2874.214,2877.165,2869.661,2876.973
2026-05-11 10:30:00.000,1778495400,2877.066,2881.311,2875.698,2879.528
2026-05-11 11:00:00.000,1778497200,2879.35,2888.646,2875.776,2888.58
2026-05-11 11:30:00.000,1778499000,2888.294,2888.408,2876.851,2878.215
2026-05-11 12:00:00.000,1778500800,2878.116,2883.387,2875.758,2882.661
2026-05-11 12:30:00.000,1778502600,2882.721,2887.336,2881.328,2883.022
2026-05-11 13:00:00.000,1778504400,2883.059,2883.867,2869.965,2875.951
2026-05-11 13:30:00.000,1778506200,2875.928,2887.824,2875.926,2884.716
2026-05-11 14:00:00.000,1778508000,2884.648,2886.884,2880.396,2882.499
2026-05-11 14:30:00.000,1778509800,2882.561,2889.26,2880.286,2886.558
2026-05-11 15:00:00.000,1778511600,2886.476,2886.476,2878.061,2881.739
2026-05-11 15:30:00.000,1778513400,2881.956,2883.596,2871.184,2872.018
2026-05-11 16:00:00.000,1778515200,2872.049,2874.422,2868.206,2870.637
2026-05-11 16:30:00.000,1778517000,2870.54,2870.554,2863.513,2864.892
2026-05-11 17:00:00.000,1778518800,2865.151,2872.98,2864.48,2869.425
2026-05-11 17:30:00.000,1778520600,2869.485,2871.463,2863.895,2864.163
2026-05-11 18:00:00.000,1778522400,2864.162,2876.211,2864.016,2871.702
2026-05-11 18:30:00.000,1778524200,2871.938,2884.482,2870.982,2883.918
2026-05-11 19:00:00.000,1778526000,2883.662,2885.086,2873.818,2875.602
2026-05-11 19:30:00.000,1778527800,2875.616,2876.088,2867.274,2870.601
2026-05-11 20:00:00.000,1778529600,2870.692,2877.356,2867.5,2875.951
2026-05-11 20:30:00.000,1778531400,2876.002,2878.692,2867.111,2868.668
2026-05-11 21:00:00.000,1778533200,2868.217,2876.841,2867.814,2874.282
2026-05-11 21:30:00.000,1778535000,2874.235,2880.636,2874.042,2876.628
2026-05-11 22:00:00.000,1778536800,2876.496,2876.496,2870.547,2874.395
2026-05-11 22:30:00.000,1778538600,2874.51,2875.928,2868.965,2870.231
2026-05-11 23:00:00.000,1778540400,2870.07,2874.876,2869.045,2874.857
2026-05-11 23:30:00.000,1778542200,2874.767,2878.277,2871.089,2874.01
2026-05-12 00:00:00.000,1778544000,2873.961,2874.582,2868.312,2872.086
2026-05-12 00:30:00.000,1778545800,2871.946,2874.137,2867.635,2872.987
2026-05-12 01:00:00.000,1778547600,2873.023,2885.857,2873.023,2885.082
2026-05-12 01:30:00.000,1778549400,2885.095,2888.068,2877.29,2877.399
2026-05-12 02:00:00.000,1778551200,2877.86,2881.288,2872.823,2872.826
2026-05-12 02:30:00.000,1778553000,2872.735,2872.849,2863.137,2867.102
2026-05-12 03:00:00.000,1778554800,2867.107,2872.179,2862.381,2862.389
2026-05-12 03:30:00.000,1778556600,2862.143,2870.12,2861.698,2867.818
2026-05-12 04:00:00.000,1778558400,2867.585,2874.684,2866.653,2873.409
2026-05-12 04:30:00.000,1778560200,2873.598,2874.918,2869.128,2874.261
2026-05-12 05:00:00.000,1778562000,2874.189,2876.668,2872.458,2874.676
2026-05-12 05:30:00.000,1778563800,2874.54,2881.164,2872.559,2879.68
2026-05-12 06:00:00.000,1778565600,2879.63,2886.43,2878.714,2885.408
2026-05-12 06:30:00.000,1778567400,2885.374,2890.145,2883.346,2889.554
2026-05-12 07:00:00.000,1778569200,2889.645,2889.875,2885.551,2889.031
2026-05-12 07:30:00.000,1778571000,2888.824,2890.298,2878.517,2890.198
2026-05-12 08:00:00.000,1778572800,2890.201,2893.1,2882.665,2889.976
2026-05-12 08:30:00.000,1778574600,2889.781,2889.844,2882.857,2885.047
2026-05-12 09:00:00.000,1778576400,2885.195,2894.527,2883.19,2894.205
2026-05-12 09:30:00.000,1778578200,2894.478,2898.834,2892.58,2894.956
2026-05-12 10:00:00.000,1778580000,2895.103,2897.053,2892.089,2893.631
2026-05-12 10:30:00.000,1778581800,2893.861,2896.013,2886.828,2887.588
2026-05-12 11:00:00.000,1778583600,2887.126,2887.475,2875.124,2877.911
2026-05-12 11:30:00.000,1778585400,2877.736,2879.413,2873.65,2873.817
2026-05-12 12:00:00.000,1778587200,2873.536,2877.942,2871.927,2873.315
2026-05-12 12:30:00.000,1778589000,2873.476,2878.759,2873.296,2874.537
2026-05-12 13:00:00.000,1778590800,2874.513,2889.295,2874.301,2886.288
2026-05-12 13:30:00.000,1778592600,2886.11,2891.529,2884.276,2890.714
2026-05-12 14:00:00.000,1778594400,2891.016,2904.132,2890.874,2897.218
2026-05-12 14:30:00.000,1778596200,2896.919,2900.304,2893.764,2897.313
2026-05-12 15:00:00.000,1778598000,2897.451,2908.29,2897.102,2906.367
2026-05-12 15:30:00.000,1778599800,2906.383,2913.802,2906.301,2911.928
2026-05-12 16:00:00.000,1778601600,2911.835,2920.252,2910.528,2914.885
2026-05-12 16:30:00.000,1778603400,2914.866,2918.773,2908.099,2916.592
2026-05-12 17:00:00.000,1778605200,2916.586,2930.981,2914.325,2929.542
2026-05-12 17:30:00.000,1778607000,2929.27,2929.566,2918.552,2918.706
2026-05-12 18:00:00.000,1778608800,2918.925,2926.179,2917.261,2918.775
2026-05-12 18:30:00.000,1778610600,2918.973,2922.866,2915.05,2916.192
2026-05-12 19:00:00.000,1778612400,2916.423,2919.63,2910.722,2918.22
2026-05-12 19:30:00.000,1778614200,2918.055,2918.975,2907.098,2907.352
2026-05-12 20:00:00.000,1778616000,2907.771,2909.572,2897.727,2901.459
2026-05-12 20:30:00.000,1778617800,2901.248,2909.777,2899.796,2906.668
2026-05-12 21:00:00.000,1778619600,2906.585,2906.591,2895.438,2895.438
2026-05-12 21:30:00.000,1778621400,2895.464,2904.101,2893.224,2899.395
2026-05-12 22:00:00.000,1778623200,2899.658,2909.25,2899.385,2909.168
2026-05-12 22:30:00.000,1778625000,2908.856,2912.069,2900.409,2900.553
2026-05-12 23:00:00.000,1778626800,2900.262,2901.57,2889.871,2891.365
2026-05-12 23:30:00.000,1778628600,2891.404,2898.399,2890.579,2894.61
2026-05-13 00:00:00.000,1778630400,2894.514,2902.003,2894.168,2899.139
2026-05-13 00:30:00.000,1778632200,2898.951,2902.819,2896.396,2901.83
2026-05-13 01:00:00.000,1778634000,2901.785,2903.406,2896.301,2901.083
2026-05-13 01:30:00.000,1778635800,2901.318,2902.888,2894.675,2899.747
2026-05-13 02:00:00.000,1778637600,2899.587,2906.015,2898.118,2904.737
2026-05-13 02:30:00.000,1778639400,2904.896,2909.205,2903.659,2908.219
2026-05-13 03:00:00.000,1778641200,2908.15,2914.805,2908.15,2909.165
2026-05-13 03:30:00.000,1778643000,2909.308,2921.771,2909.197,2919.023
2026-05-13 04:00:00.000,1778644800,2918.898,2920.322,2915.336,2917.273
2026-05-13 04:30:00.000,1778646600,2917.133,2920.068,2909.077,2909.077
2026-05-13 05:00:00.000,1778648400,2908.883,2911.331,2902.866,2904.637
2026-05-13 05:30:00.000,1778650200,2904.905,2913.909,2904.762,2913.821
2026-05-13 06:00:00.000,1778652000,2913.8,2915.743,2906.366,2909.205
2026-05-13 06:30:00.000,1778653800,2909.288,2911.881,2903.148,2911.092
2026-05-13 07:00:00.000,1778655600,2910.944,2916.55,2909.161,2916.103
2026-05-13 07:30:00.000,1778657400,2915.959,2922.707,2914.527,2921.029
2026-05-13 08:00:00.000,1778659200,2920.779,2923.573,2918.037,2923.275
2026-05-13 08:30:00.000,1778661000,2923.579,2925.736,2918.834,2923.818
2026-05-13 09:00:00.000,1778662800,2923.722,2926.526,2918.935,2919.607
2026-05-13 09:30:00.000,1778664600,2919.543,2927.386,2919.253,2921.779
2026-05-13 10:00:00.000,1778666400,2921.861,2922.156,2914.64,2914.866
2026-05-13 10:30:00.000,1778668200,2915.005,2916.586,2907.848,2908.152
2026-05-13 11:00:00.000,1778670000,2908.063,2917.047,2904.128,2916.939
2026-05-13 11:30:00.000,1778671800,2916.946,2917.05,2907.532,2908.682
2026-05-13 12:00:00.000,1778673600,2908.48,2916.464,2906.812,2916.464
2026-05-13 12:30:00.000,1778675400,2916.794,2925.583,2915.169,2923.308
2026-05-13 13:00:00.000,1778677200,2923.144,2923.172,2912.235,2913.039
2026-05-13 13:30:00.000,1778679000,2913.009,2918.633,2911.803,2917.786
2026-05-13 14:00:00.000,1778680800,2917.808,2917.818,2912.786,2913.167
2026-05-13 14:30:00.000,1778682600,2913.418,2913.918,2908.968,2910.629
2026-05-13 15:00:00.000,1778684400,2910.781,2911.739,2901.24,2901.538
2026-05-13 15:30:00.000,1778686200,2901.149,2906.779,2898.171,2905.666
2026-05-13 16:00:00.000,1778688000,2905.495,2910.727,2898.639,2909.726
2026-05-13 16:30:00.000,1778689800,2909.665,2915.488,2907.81,2912.547
2026-05-13 17:00:00.000,1778691600,2912.354,2914.974,2909.451,2913.161
2026-05-13 17:30:00.000,1778693400,2913.088,2916.357,2910.453,2911.417
2026-05-13 18:00:00.000,1778695200,2911.328,2912.215,2905.525,2910.056
2026-05-13 18:30:00.000,1778697000,2910.268,2912.246,2905.804,2908.079
2026-05-13 19:00:00.000,1778698800,2908.431,2909.95,2901.886,2903.177
2026-05-13 19:30:00.000,1778700600,2903.294,2908.673,2901.141,2908.673
2026-05-13 20:00:00.000,1778702400,2908.766,2912.982,2901.885,2902.526
2026-05-13 20:30:00.000,1778704200,2902.353,2905.853,2895.954,2898.12
2026-05-13 21:00:00.000,1778706000,2898.176,2899.148,2891.763,2892.641
2026-05-13 21:30:00.000,1778707800,2892.376,2893.373,2886.012,2887.079
2026-05-13 22:00:00.000,1778709600,2887.209,2889.269,2882.386,2882.386
2026-05-13 22:30:00.000,1778711400,2882.616,2884.714,2874.802,2879.56
2026-05-13 23:00:00.000,1778713200,2879.554,2880.251,2869.761,2871.891
2026-05-13 23:30:00.000,1778715000,2871.817,2876.82,2869.035,2870.143
2026-05-14 00:00:00.000,1778716800,2870.133,2877.565,2868.911,2874.555
2026-05-14 00:30:00.000,1778718600,2874.532,2880.673,2871.398,2879.197
2026-05-14 01:00:00.000,1778720400,2879.212,2881.534,2871.35,2874.535
2026-05-14 01:30:00.000,1778722200,2874.559,2879.024,2867.753,2867.753
2026-05-14 02:00:00.000,1778724000,2867.879,2872.989,2865.428,2871.355
2026-05-14 02:30:00.000,1778725800,2871.546,2871.671,2866.312,2867.399
2026-05-14 03:00:00.000,1778727600,2867.313,2875.048,2866.739,2872.538
2026-05-14 03:30:00.000,1778729400,2872.665,2879.494,2872.207,2879.337
2026-05-14 04:00:00.000,1778731200,2879.272,2885.095,2877.408,2881.348
2026-05-14 04:30:00.000,1778733000,2881.409,2883.809,2876.609,2881.838
2026-05-14 05:00:00.000,1778734800,2881.799,2882.484,2872.117,2876.117
2026-05-14 05:30:00.000,1778736600,2876.144,2883.717,2875.32,2882.499
2026-05-14 06:00:00.000,1778738400,2882.512,2884.071,2877.292,2877.7
2026-05-14 06:30:00.000,1778740200,2877.603,2880.819,2871.191,2877.489
2026-05-14 07:00:00.000,1778742000,2877.644,2878.417,2868.146,2868.828
2026-05-14 07:30:00.000,1778743800,2868.461,2868.461,2859.711,2859.711
2026-05-14 08:00:00.000,1778745600,2859.635,2864.99,2857.908,2862.862
2026-05-14 08:30:00.000,1778747400,2862.96,2863.707,2854.469,2854.54
2026-05-14 09:00:00.000,1778749200,2854.577,2856.411,2850.939,2853.965
2026-05-14 09:30:00.000,1778751000,2854.095,2856.972,2846.638,2852.548
2026-05-14 10:00:00.000,1778752800,2852.623,2857.47,2848.6,2852.808
2026-05-14 10:30:00.000,1778754600,2852.876,2856.395,2849.306,2850.114
2026-05-14 11:00:00.000,1778756400,2850.193,2859.037,2848.95,2858.59
2026-05-14 11:30:00.000,1778758200,2858.418,2861.693,2855.47,2856.544
2026-05-14 12:00:00.000,1778760000,2856.772,2859.514,2852.538,2856.955
2026-05-14 12:30:00.000,1778761800,2856.915,2857.364,2849.338,2852.617
2026-05-14 13:00:00.000,1778763600,2852.845,2857.28,2848.137,2848.879
2026-05-14 13:30:00.000,1778765400,2848.72,2851.308,2844.436,2846.461
2026-05-14 14:00:00.000,1778767200,2846.181,2852.39,2845.928,2850.997
2026-05-14 14:30:00.000,1778769000,2850.562,2858.169,2850.355,2856.072
2026-05-14 15:00:00.000,1778770800,2855.908,2863.522,2854.045,2854.045
2026-05-14 15:30:00.000,1778772600,2854.261,2855.034,2845.849,2849.73
2026-05-14 16:00:00.000,1778774400,2849.544,2853.152,2847.01,2852.935
2026-05-14 16:30:00.000,1778776200,2852.77,2853.953,2848.17,2853.157